Title;Link;user1;user2;user3;user4;user5;user6;user7;user8;user9;user10;user11;user12;user13;user14;user15;user16
Almond Rice Pudding;https://medlineplus.gov/recipes/almond-rice-pudding/;0.0;1.0;4.0;4.0;5.0;3.0;4.0;3.0;3.0;2.0;2.0;4.0;3.0;2.0;3.0;2
Any Berry Sauce;https://medlineplus.gov/recipes/any-berry-sauce/;3.0;3.0;4.0;3.0;4.0;4.0;4.0;3.0;1.0;4.0;3.0;2.0;2.0;4.0;4.0;2
Apple Bars;https://medlineplus.gov/recipes/apple-bars/;4.0;3.0;4.0;3.0;5.0;3.0;2.0;4.0;4.0;4.0;3.0;3.0;2.0;2.0;2.0;2
Apple Sandwiches;https://medlineplus.gov/recipes/apple-sandwiches/;2.0;0.0;2.0;3.0;1.0;2.0;2.0;2.0;1.0;3.0;2.0;3.0;;0.0;0.0;0
Applesauce French Toast;https://medlineplus.gov/recipes/applesauce-french-toast/;1.0;1.0;4.0;3.0;3.0;4.0;2.0;4.0;1.0;2.0;3.0;1.0;3.0;4.0;2.0;3
Autumn Squash Bisque with Ginger;https://medlineplus.gov/recipes/autumn-squash-bisque-with-ginger/;1.0;0.0;3.0;1.0;5.0;2.0;4.0;1.0;1.0;3.0;2.0;2.0;;0.0;1.0;2
Baked Apple and Cranberries;https://medlineplus.gov/recipes/baked-apple-and-cranberries/;4.0;1.0;5.0;4.0;5.0;4.0;3.0;3.0;2.0;4.0;1.0;2.0;4.0;3.0;1.0;1
Baked Berry Oatmeal;https://medlineplus.gov/recipes/baked-berry-oatmeal/;5.0;3.0;4.0;5.0;5.0;3.0;3.0;1.0;1.0;3.0;3.0;3.0;4.0;2.0;1.0;1
Baked Cauliflower Tots;https://medlineplus.gov/recipes/baked-cauliflower-tots/;3.0;3.0;5.0;3.0;5.0;2.0;4.0;1.0;1.0;2.0;2.0;1.0;;0.0;5.0;2
Baked Cinnamon Tortilla Chips;https://medlineplus.gov/recipes/baked-cinnamon-tortilla-chips/;0.0;2.0;3.0;2.0;5.0;4.0;2.0;1.0;2.0;3.0;2.0;2.0;;2.0;2.0;4
Baked Meatballs;https://medlineplus.gov/recipes/baked-meatballs/;5.0;5.0;2.0;4.0;3.0;5.0;4.0;4.0;4.0;3.0;4.0;4.0;4.0;4.0;3.0;4
Baked Tilapia with Tomatoes;https://medlineplus.gov/recipes/baked-tilapia-with-tomatoes/;5.0;2.0;4.0;1.0;3.0;3.0;2.0;4.0;4.0;4.0;2.0;3.0;;2.0;0.0;2
Baked Tofu;https://medlineplus.gov/recipes/baked-tofu/;1.0;4.0;4.0;2.0;2.0;1.0;4.0;1.0;1.0;3.0;4.0;3.0;2.0;0.0;0.0;0
Baked Tomatoes with Cheese;https://medlineplus.gov/recipes/baked-tomatoes-with-cheese/;4.0;0.0;5.0;1.0;4.0;4.0;5.0;3.0;2.0;4.0;3.0;2.0;3.0;3.0;0.0;0
Baked Tortilla Chips;https://medlineplus.gov/recipes/baked-tortilla-chips/;4.0;3.0;3.0;4.0;3.0;4.0;4.0;3.0;4.0;4.0;4.0;4.0;5.0;5.0;5.0;4
Baked Zucchini with Tomato Sauce;https://medlineplus.gov/recipes/baked-zucchini-with-tomato-sauce/;3.0;3.0;5.0;3.0;5.0;3.0;4.0;4.0;1.0;4.0;4.0;4.0;3.0;4.0;5.0;1
Banana Boats;https://medlineplus.gov/recipes/banana-boats/;2.0;0.0;2.0;1.0;4.0;3.0;3.0;3.0;1.0;2.0;5.0;4.0;5.0;4.0;1.0;2
Banana Oatmeal Bread;https://medlineplus.gov/recipes/banana-oatmeal-bread/;1.0;0.0;4.0;5.0;4.0;4.0;2.0;1.0;2.0;3.0;4.0;4.0;4.0;3.0;2.0;2
Banana Oatmeal Cookies;https://medlineplus.gov/recipes/banana-oatmeal-cookies/;2.0;0.0;4.0;5.0;4.0;4.0;2.0;2.0;4.0;2.0;4.0;4.0;3.0;3.0;2.0;2
Barley, Bean, and Corn Salad;https://medlineplus.gov/recipes/barley-bean-and-corn-salad/;1.0;2.0;3.0;2.0;3.0;2.0;3.0;2.0;1.0;1.0;2.0;3.0;1.0;2.0;0.0;1
Bean Salad;https://medlineplus.gov/recipes/bean-salad/;1.0;3.0;2.0;2.0;2.0;2.0;3.0;2.0;1.0;3.0;2.0;3.0;1.0;1.0;1.0;1
Beef and Broccoli;https://medlineplus.gov/recipes/beef-and-broccoli/;2.0;5.0;3.0;4.0;2.0;4.0;2.0;3.0;2.0;3.0;5.0;4.0;3.0;1.0;5.0;3
Beet Dip;https://medlineplus.gov/recipes/beet-dip/;1.0;1.0;0.0;0.0;1.0;2.0;3.0;0.0;4.0;3.0;1.0;3.0;1.0;1.0;0.0;1
Bell Pepper Nachos;https://medlineplus.gov/recipes/bell-pepper-nachos/;5.0;3.0;1.0;4.0;3.0;3.0;3.0;1.0;4.0;4.0;2.0;4.0;3.0;5.0;5.0;3
Berry Blast Off;https://medlineplus.gov/recipes/berry-blast-off/;2.0;5.0;5.0;4.0;4.0;4.0;4.0;1.0;1.0;2.0;4.0;3.0;4.0;3.0;3.0;3
Black Bean Soup;https://medlineplus.gov/recipes/black-bean-soup/;0.0;3.0;2.0;1.0;2.0;2.0;4.0;1.0;0.0;3.0;2.0;3.0;1.0;0.0;0.0;2
Blueberry Tofu Smoothie;https://medlineplus.gov/recipes/blueberry-tofu-smoothie/;1.0;0.0;4.0;3.0;1.0;3.0;3.0;1.0;0.0;2.0;3.0;1.0;4.0;0.0;0.0;1
Bread Pudding in the Microwave;https://medlineplus.gov/recipes/bread-pudding-in-the-microwave/;0.0;1.0;2.0;4.0;3.0;5.0;2.0;2.0;4.0;2.0;3.0;4.0;5.0;5.0;1.0;3
Breakfast Banana Split;https://medlineplus.gov/recipes/breakfast-banana-split/;2.0;0.0;3.0;4.0;4.0;4.0;2.0;3.0;2.0;2.0;4.0;5.0;5.0;3.0;3.0;2
Breakfast Burritos;https://medlineplus.gov/recipes/breakfast-burritos/;5.0;1.0;2.0;3.0;2.0;5.0;4.0;3.0;2.0;4.0;4.0;5.0;4.0;3.0;3.0;4
Brocco Poppers;https://medlineplus.gov/recipes/brocco-poppers/;4.0;1.0;4.0;3.0;3.0;3.0;3.0;2.0;1.0;3.0;1.0;3.0;1.0;0.0;5.0;2
Broccoli and Everything Salad;https://medlineplus.gov/recipes/broccoli-and-everything-salad/;1.0;1.0;3.0;3.0;4.0;3.0;4.0;2.0;1.0;4.0;3.0;2.0;2.0;0.0;1.0;1
Brussels Sprouts Cranberry and Bulgur Salad;https://medlineplus.gov/recipes/brussels-sprouts-cranberry-and-bulgur-salad/;0.0;3.0;4.0;3.0;4.0;2.0;4.0;2.0;1.0;3.0;1.0;2.0;1.0;0.0;1.0;1
Buttermilk Scones;https://medlineplus.gov/recipes/buttermilk-scones/;4.0;4.0;4.0;4.0;5.0;4.0;3.0;1.0;0.0;2.0;5.0;4.0;3.0;4.0;3.0;3
Cabbage Stir Fry;https://medlineplus.gov/recipes/cabbage-stir-fry/;4.0;1.0;1.0;2.0;4.0;3.0;4.0;1.0;1.0;2.0;3.0;2.0;;1.0;2.0;3
Carrot Ginger Salad;https://medlineplus.gov/recipes/carrot-ginger-salad/;0.0;1.0;1.0;1.0;4.0;2.0;4.0;1.0;1.0;3.0;1.0;2.0;2.0;2.0;1.0;2
Cheesy Beef Pasta;https://medlineplus.gov/recipes/cheesy-beef-pasta/;5.0;4.0;5.0;4.0;3.0;5.0;4.0;3.0;2.0;2.0;5.0;5.0;4.0;4.0;4.0;1
Cheesy Polenta Pie;https://medlineplus.gov/recipes/cheesy-polenta-pie/;0.0;1.0;5.0;2.0;4.0;4.0;4.0;3.0;1.0;3.0;4.0;4.0;;2.0;2.0;1
Cheesy Potato Soup;https://medlineplus.gov/recipes/cheesy-potato-soup/;2.0;0.0;4.0;4.0;3.0;4.0;2.0;3.0;1.0;2.0;5.0;4.0;4.0;0.0;1.0;1
Cherry Puff Pancake;https://medlineplus.gov/recipes/cherry-puff-pancake/;5.0;0.0;5.0;4.0;4.0;3.0;4.0;3.0;4.0;2.0;3.0;5.0;5.0;5.0;4.0;3
Chicken Cabbage Stir-fry;https://medlineplus.gov/recipes/chicken-cabbage-stir-fry/;2.0;3.0;5.0;4.0;5.0;4.0;4.0;2.0;3.0;3.0;4.0;5.0;3.0;3.0;3.0;3
Chicken Creole;https://medlineplus.gov/recipes/chicken-creole/;3.0;3.0;3.0;3.0;5.0;3.0;4.0;3.0;1.0;4.0;3.0;3.0;;4.0;3.0;3
Chicken Mole;https://medlineplus.gov/recipes/chicken-mole/;3.0;3.0;5.0;4.0;5.0;4.0;4.0;2.0;4.0;4.0;3.0;3.0;3.0;1.0;2.0;
Chicken Pepper Bake;https://medlineplus.gov/recipes/chicken-pepper-bake/;3.0;3.0;4.0;3.0;5.0;4.0;5.0;3.0;3.0;4.0;4.0;3.0;5.0;5.0;4.0;
Chicken Soup with Tortilla;https://medlineplus.gov/recipes/chicken-soup-with-tortilla/;2.0;0.0;4.0;2.0;5.0;4.0;4.0;3.0;2.0;4.0;2.0;4.0;5.0;3.0;1.0;4
Chicken and Black Bean Salsa Burritos;https://medlineplus.gov/recipes/chicken-and-black-bean-salsa-burritos/;3.0;4.0;4.0;2.0;3.0;5.0;5.0;2.0;3.0;4.0;3.0;5.0;3.0;2.0;1.0;4
Chicken and Dumpling Casserole;https://medlineplus.gov/recipes/chicken-and-dumpling-casserole/;2.0;0.0;2.0;3.0;4.0;3.0;5.0;2.0;2.0;3.0;2.0;3.0;5.0;1.0;1.0;4
Chicken and Rice;https://medlineplus.gov/recipes/chicken-and-rice/;4.0;0.0;5.0;4.0;5.0;4.0;4.0;4.0;4.0;3.0;5.0;2.0;4.0;2.0;2.0;3
Chicken, Broccoli, and Cheese Skillet;https://medlineplus.gov/recipes/chicken-broccoli-and-cheese-skillet/;3.0;0.0;5.0;5.0;5.0;4.0;4.0;3.0;2.0;3.0;4.0;2.0;3.0;0.0;4.0;1
Classic Honey Flan;https://medlineplus.gov/recipes/classic-honey-flan/;2.0;0.0;0.0;1.0;2.0;5.0;2.0;3.0;1.0;2.0;3.0;4.0;3.0;5.0;4.0;3
Classic Macaroni and Cheese;https://medlineplus.gov/recipes/classic-macaroni-and-cheese/;5.0;0.0;5.0;5.0;4.0;5.0;4.0;4.0;4.0;3.0;5.0;4.0;5.0;0.0;5.0;4
Corn Pancakes;https://medlineplus.gov/recipes/corn-pancakes/;0.0;0.0;5.0;4.0;3.0;4.0;3.0;2.0;2.0;2.0;3.0;2.0;3.0;0.0;0.0;3
Cornbread;https://medlineplus.gov/recipes/cornbread/;1.0;0.0;5.0;4.0;5.0;3.0;2.0;2.0;1.0;2.0;4.0;3.0;3.0;2.0;2.0;2
Couscous With Carrots, Walnuts, and Raisins;https://medlineplus.gov/recipes/couscous-with-carrots-walnuts-and-raisins/;0.0;3.0;5.0;3.0;5.0;3.0;5.0;3.0;0.0;3.0;2.0;2.0;3.0;0.0;0.0;1
Cranberry Applesauce;https://medlineplus.gov/recipes/cranberry-applesauce/;4.0;0.0;4.0;2.0;4.0;4.0;3.0;2.0;1.0;2.0;2.0;2.0;2.0;4.0;3.0;2
Cranberry Oatmeal Balls;https://medlineplus.gov/recipes/cranberry-oatmeal-balls/;4.0;4.0;5.0;3.0;4.0;2.0;5.0;2.0;1.0;2.0;4.0;1.0;;2.0;1.0;1
Creamy Fruit Salad;https://medlineplus.gov/recipes/creamy-fruit-salad/;1.0;3.0;5.0;4.0;5.0;4.0;1.0;3.0;4.0;2.0;2.0;3.0;3.0;4.0;2.0;2
Creamy Potato Leek Soup;https://medlineplus.gov/recipes/creamy-potato-leek-soup/;1.0;0.0;4.0;2.0;3.0;3.0;1.0;2.0;2.0;4.0;3.0;4.0;;1.0;4.0;3
Crispy Parmesan Baked Fish;https://medlineplus.gov/recipes/crispy-parmesan-baked-fish/;3.0;2.0;5.0;3.0;4.0;4.0;3.0;3.0;4.0;3.0;4.0;4.0;0.0;0.0;0.0;2
Crunchy Chicken Nuggets;https://medlineplus.gov/recipes/crunchy-chicken-nuggets/;5.0;4.0;4.0;5.0;2.0;5.0;2.0;4.0;4.0;4.0;5.0;4.0;5.0;5.0;4.0;5
Curried Pumpkin Soup;https://medlineplus.gov/recipes/curried-pumpkin-soup/;5.0;4.0;5.0;3.0;5.0;4.0;4.0;3.0;4.0;3.0;3.0;3.0;5.0;2.0;3.0;4
Do-It-Yourself Trail Mix;https://medlineplus.gov/recipes/do-it-yourself-trail-mix/;0.0;4.0;3.0;1.0;5.0;3.0;4.0;3.0;1.0;3.0;2.0;1.0;3.0;1.0;1.0;3
Dried Bananas;https://medlineplus.gov/recipes/dried-bananas/;3.0;0.0;4.0;2.0;1.0;4.0;1.0;1.0;0.0;2.0;3.0;4.0;0.0;4.0;0.0;3
Dry Roasted Garbanzo Beans;https://medlineplus.gov/recipes/dry-roasted-garbanzo-beans/;0.0;1.0;2.0;3.0;1.0;4.0;1.0;1.0;0.0;2.0;1.0;3.0;;1.0;0.0;1
Dutch Red Cabbage with Apples;https://medlineplus.gov/recipes/dutch-red-cabbage-with-apples/;3.0;0.0;4.0;2.0;3.0;3.0;4.0;1.0;1.0;3.0;1.0;3.0;;4.0;4.0;2
Easy Blueberry Cobbler;https://medlineplus.gov/recipes/easy-blueberry-cobbler/;3.0;3.0;4.0;3.0;3.0;3.0;4.0;1.0;1.0;2.0;3.0;3.0;;3.0;2.0;
Easy Cheesy Enchiladas;https://medlineplus.gov/recipes/easy-cheesy-enchiladas/;4.0;1.0;4.0;4.0;2.0;4.0;4.0;3.0;2.0;4.0;2.0;3.0;3.0;2.0;3.0;2
Easy Manicotti;https://medlineplus.gov/recipes/easy-manicotti/;1.0;5.0;5.0;5.0;2.0;4.0;4.0;2.0;1.0;;4.0;3.0;;2.0;3.0;
Easy Meatballs;https://medlineplus.gov/recipes/easy-meatballs/;5.0;5.0;5.0;5.0;2.0;5.0;4.0;3.0;1.0;3.0;5.0;4.0;5.0;4.0;4.0;4
Fabulous Fig Bars;https://medlineplus.gov/recipes/fabulous-fig-bars/;2.0;2.0;4.0;2.0;5.0;3.0;2.0;1.0;1.0;2.0;1.0;3.0;;0.0;0.0;
Farmers Market Salsa;https://medlineplus.gov/recipes/farmers-market-salsa/;3.0;3.0;1.0;2.0;2.0;4.0;4.0;2.0;1.0;4.0;2.0;4.0;;3.0;0.0;4
Favorite Pancakes without Eggs;https://medlineplus.gov/recipes/favorite-pancakes-without-eggs/;4.0;0.0;5.0;4.0;5.0;5.0;2.0;3.0;1.0;3.0;5.0;5.0;;5.0;5.0;3
Fiesta Barley Salad;https://medlineplus.gov/recipes/fiesta-barley-salad/;0.0;3.0;2.0;3.0;2.0;2.0;2.0;2.0;1.0;2.0;3.0;4.0;;2.0;1.0;2
Fish Salad;https://medlineplus.gov/recipes/fish-salad/;0.0;0.0;1.0;3.0;3.0;2.0;5.0;3.0;3.0;2.0;2.0;4.0;0.0;0.0;0.0;3
Fish Tacos;https://medlineplus.gov/recipes/fish-tacos/;1.0;0.0;1.0;3.0;1.0;3.0;4.0;3.0;3.0;2.0;1.0;4.0;0.0;0.0;0.0;3
Fish and Spinach Bake;https://medlineplus.gov/recipes/fish-and-spinach-bake/;1.0;0.0;1.0;1.0;3.0;1.0;5.0;3.0;2.0;3.0;1.0;3.0;0.0;0.0;0.0;2
Flavorful Green Beans;https://medlineplus.gov/recipes/flavorful-green-beans/;1.0;3.0;4.0;4.0;3.0;3.0;4.0;2.0;1.0;4.0;1.0;3.0;;4.0;5.0;1
Frozen Strawberry Yogurt;https://medlineplus.gov/recipes/frozen-strawberry-yogurt/;5.0;5.0;3.0;3.0;1.0;4.0;3.0;3.0;4.0;2.0;5.0;5.0;3.0;5.0;0.0;4
Fruit Pizza;https://medlineplus.gov/recipes/fruit-pizza/;3.0;4.0;3.0;3.0;1.0;4.0;1.0;2.0;1.0;2.0;2.0;0.0;;5.0;3.0;1
Fruit and Nut Slaw;https://medlineplus.gov/recipes/fruit-and-nut-slaw/;1.0;4.0;5.0;2.0;5.0;3.0;1.0;2.0;1.0;3.0;1.0;3.0;;2.0;2.0;1
Fruity French Toast Casserole;https://medlineplus.gov/recipes/fruity-french-toast-casserole/;2.0;2.0;4.0;3.0;4.0;4.0;1.0;2.0;1.0;2.0;2.0;4.0;;3.0;2.0;1
Garden Vegetable Cakes;https://medlineplus.gov/recipes/garden-vegetable-cakes/;2.0;2.0;2.0;3.0;3.0;3.0;2.0;2.0;1.0;3.0;0.0;2.0;;1.0;0.0;1
Garlic Bok Choy;https://medlineplus.gov/recipes/garlic-bok-choy/;1.0;0.0;1.0;1.0;4.0;2.0;4.0;1.0;4.0;4.0;4.0;2.0;3.0;4.0;4.0;3
Garlic Ginger Ramen with Beef;https://medlineplus.gov/recipes/garlic-ginger-ramen-with-beef/;2.0;3.0;4.0;4.0;4.0;4.0;4.0;2.0;3.0;3.0;4.0;5.0;5.0;2.0;2.0;4
Ginger Almond Asparagus;https://medlineplus.gov/recipes/ginger-almond-asparagus/;0.0;3.0;3.0;1.0;5.0;2.0;5.0;1.0;2.0;3.0;0.0;3.0;2.0;0.0;0.0;0
Glazed Carrots and Cranberries;https://medlineplus.gov/recipes/glazed-carrots-and-cranberries/;1.0;4.0;4.0;2.0;4.0;3.0;3.0;2.0;1.0;2.0;1.0;2.0;2.0;3.0;2.0;1
Glazed Squash;https://medlineplus.gov/recipes/glazed-squash/;0.0;1.0;2.0;1.0;2.0;1.0;3.0;1.0;1.0;2.0;1.0;2.0;;1.0;0.0;1
Green Pea Soup;https://medlineplus.gov/recipes/green-pea-soup/;3.0;5.0;3.0;3.0;5.0;3.0;4.0;2.0;1.0;2.0;3.0;3.0;;0.0;0.0;2
Green Pineapple Power Smoothie;https://medlineplus.gov/recipes/green-pineapple-power-smoothie/;4.0;4.0;3.0;3.0;4.0;4.0;4.0;3.0;4.0;3.0;0.0;;;;;3
Green Salad with Peas;https://medlineplus.gov/recipes/green-salad-with-peas/;0.0;3.0;2.0;3.0;4.0;3.0;4.0;2.0;1.0;3.0;2.0;;;;;1
Greens with Carrots;https://medlineplus.gov/recipes/greens-with-carrots/;1.0;3.0;2.0;3.0;5.0;2.0;5.0;3.0;1.0;2.0;3.0;;;;;1
Grilled Tuna with Chickpea and Spinach Salad;https://medlineplus.gov/recipes/grilled-tuna-with-chickpea-and-spinach-salad/;3.0;5.0;1.0;4.0;5.0;3.0;5.0;3.0;2.0;3.0;4.0;;;;;2
Ham and Vegetable Chowder;https://medlineplus.gov/recipes/ham-and-vegetable-chowder/;2.0;0.0;2.0;3.0;4.0;3.0;3.0;3.0;1.0;;4.0;;;;;1
Healthy Carrot Cake Cookies;https://medlineplus.gov/recipes/healthy-carrot-cake-cookies/;1.0;3.0;3.0;3.0;5.0;4.0;2.0;2.0;4.0;2.0;3.0;;;;;0
Honey Mustard Dressing;https://medlineplus.gov/recipes/honey-mustard-dressing/;0.0;2.0;4.0;3.0;5.0;4.0;2.0;3.0;2.0;4.0;2.0;;;;;2
Hot Apple Orange Cider;https://medlineplus.gov/recipes/hot-apple-orange-cider/;3.0;0.0;3.0;2.0;3.0;3.0;3.0;1.0;0.0;3.0;3.0;;;;;3
Hummus (no tahini);https://medlineplus.gov/recipes/hummus-no-tahini/;0.0;4.0;2.0;2.0;5.0;2.0;4.0;1.0;1.0;3.0;2.0;;;;;0
Hummus (with tahini);https://medlineplus.gov/recipes/hummus-with-tahini/;0.0;4.0;3.0;3.0;5.0;2.0;4.0;1.0;1.0;3.0;2.0;;;;;0
Indian Lentils and Pasta;https://medlineplus.gov/recipes/indian-lentils-and-pasta/;1.0;2.0;3.0;4.0;5.0;3.0;3.0;2.0;2.0;2.0;3.0;;;;;2
Jack-O-Lanterns (Pumpkin Pancakes);https://medlineplus.gov/recipes/jack-o-lanterns-pumpkin-pancakes/;2.0;2.0;4.0;2.0;3.0;3.0;3.0;1.0;1.0;2.0;3.0;;;;;3
Kale Dip;https://medlineplus.gov/recipes/kale-dip/;1.0;1.0;2.0;3.0;3.0;3.0;3.0;1.0;3.0;2.0;0.0;;;;;0
Kale and Cranberry Stir-Fry;https://medlineplus.gov/recipes/kale-and-cranberry-stir-fry/;2.0;1.0;2.0;2.0;3.0;2.0;3.0;1.0;1.0;3.0;1.0;;;;;0
Kale and White Bean Soup;https://medlineplus.gov/recipes/kale-and-white-bean-soup/;0.0;1.0;2.0;2.0;1.0;3.0;3.0;1.0;1.0;2.0;2.0;;;;;0
Kiwi Salsa;https://medlineplus.gov/recipes/kiwi-salsa/;0.0;5.0;0.0;2.0;1.0;4.0;3.0;2.0;2.0;3.0;1.0;;;;;2
Kiwi, Banana, and Apple Salad;https://medlineplus.gov/recipes/kiwi-banana-and-apple-salad/;5.0;0.0;5.0;4.0;3.0;4.0;3.0;2.0;3.0;3.0;4.0;;;;;2
Leek and Mushroom Orzo;https://medlineplus.gov/recipes/leek-and-mushroom-orzo/;1.0;0.0;5.0;4.0;4.0;3.0;4.0;1.0;2.0;4.0;1.0;;;;;0
Lemon Dill Brussels Sprouts;https://medlineplus.gov/recipes/lemon-dill-brussels-sprouts/;0.0;3.0;3.0;3.0;3.0;2.0;4.0;1.0;0.0;1.0;3.0;;;;;0
Lemony Garbanzo Bean Dip;https://medlineplus.gov/recipes/lemony-garbanzo-bean-dip/;0.0;3.0;3.0;3.0;3.0;3.0;4.0;1.0;0.0;2.0;0.0;;;;;0
Lentil Confetti Salad;https://medlineplus.gov/recipes/lentil-confetti-salad/;0.0;3.0;3.0;3.0;5.0;3.0;1.0;1.0;1.0;3.0;1.0;;;;;1
Lentil Taco Filling;https://medlineplus.gov/recipes/lentil-taco-filling/;0.0;3.0;3.0;4.0;5.0;3.0;3.0;1.0;2.0;3.0;1.0;;;;;2
Low-fat Pumpkin Bread;https://medlineplus.gov/recipes/low-fat-pumpkin-bread/;2.0;4.0;4.0;2.0;5.0;2.0;2.0;1.0;0.0;3.0;2.0;;;;;1
Mango Shake;https://medlineplus.gov/recipes/mango-shake/;5.0;6.0;5.0;3.0;5.0;5.0;3.0;2.0;4.0;3.0;5.0;;;;;4
Mashed Parsnips and Potatoes;https://medlineplus.gov/recipes/mashed-parsnips-and-potatoes/;3.0;5.0;2.0;3.0;1.0;4.0;2.0;2.0;2.0;4.0;3.0;;;;;2
Mashed Potatoes;https://medlineplus.gov/recipes/mashed-potatoes/;5.0;5.0;5.0;4.0;2.0;4.0;3.0;2.0;2.0;4.0;4.0;;;;;5
Meatball Soup;https://medlineplus.gov/recipes/meatball-soup/;5.0;5.0;4.0;4.0;2.0;4.0;2.0;3.0;3.0;4.0;5.0;;;;;4
Melon Cooler;https://medlineplus.gov/recipes/melon-cooler/;3.0;5.0;3.0;2.0;5.0;5.0;1.0;2.0;1.0;3.0;2.0;;;;;3
Melon and Mint;https://medlineplus.gov/recipes/melon-and-mint/;3.0;5.0;3.0;1.0;1.0;4.0;2.0;2.0;2.0;4.0;1.0;;;;;3
Mexican Vegetable and Beef Skillet Meal;https://medlineplus.gov/recipes/mexican-vegetable-and-beef-skillet-meal/;3.0;5.0;4.0;3.0;2.0;3.0;4.0;3.0;2.0;3.0;3.0;;;;;4
Minestrone Soup;https://medlineplus.gov/recipes/minestrone-soup/;0.0;5.0;3.0;3.0;4.0;3.0;4.0;3.0;3.0;4.0;4.0;;;;;3
Mushroom Bulgur Pilaf;https://medlineplus.gov/recipes/mushroom-bulgur-pilaf/;0.0;0.0;5.0;3.0;5.0;3.0;4.0;2.0;2.0;2.0;4.0;;;;;1
My Personal Pizza;https://medlineplus.gov/recipes/my-personal-pizza/;5.0;5.0;4.0;4.0;5.0;4.0;2.0;5.0;5.0;4.0;4.0;;;;;3
No-Yeast Pizza Crust;https://medlineplus.gov/recipes/no-yeast-pizza-crust/;4.0;5.0;5.0;4.0;5.0;4.0;1.0;2.0;2.0;3.0;3.0;;;;;2
Oatmeal Pecan Waffles (or Pancakes);https://medlineplus.gov/recipes/oatmeal-pecan-waffles-or-pancakes/;4.0;5.0;4.0;3.0;5.0;4.0;3.0;1.0;1.0;4.0;3.0;;;;;2
One-Pan Chicken Alfredo;https://medlineplus.gov/recipes/one-pan-chicken-alfredo/;4.0;5.0;5.0;3.0;5.0;4.0;1.0;3.0;2.0;4.0;4.0;;;;;4
One-Pan Spaghetti;https://medlineplus.gov/recipes/one-pan-spaghetti/;5.0;5.0;5.0;3.0;5.0;5.0;1.0;3.0;2.0;4.0;3.0;;;;;4
Orange Delight;https://medlineplus.gov/recipes/orange-delight/;2.0;5.0;3.0;2.0;3.0;5.0;1.0;3.0;1.0;2.0;4.0;;;;;3
Oven Baked Salmon;https://medlineplus.gov/recipes/oven-baked-salmon/;4.0;5.0;4.0;3.0;5.0;3.0;4.0;3.0;4.0;4.0;5.0;;;;;3
Overnight Oatmeal;https://medlineplus.gov/recipes/overnight-oatmeal/;5.0;5.0;5.0;4.0;5.0;3.0;4.0;1.0;1.0;2.0;3.0;;;;;2
Overnight Oats for One;https://medlineplus.gov/recipes/overnight-oats-for-one/;5.0;5.0;5.0;4.0;5.0;3.0;4.0;1.0;0.0;2.0;4.0;;;;;2
Pasta Caprese;https://medlineplus.gov/recipes/pasta-caprese/;3.0;4.0;5.0;2.0;5.0;4.0;4.0;3.0;2.0;3.0;3.0;;;;;3
Pasta Ratatouille;https://medlineplus.gov/recipes/pasta-ratatouille/;0.0;4.0;5.0;3.0;1.0;3.0;4.0;3.0;1.0;4.0;4.0;;;;;3
Peach Salsa;https://medlineplus.gov/recipes/peach-salsa/;0.0;4.0;1.0;3.0;1.0;3.0;2.0;3.0;2.0;3.0;2.0;;;;;2
Peach Sundae;https://medlineplus.gov/recipes/peach-sundae/;5.0;4.0;3.0;3.0;4.0;4.0;1.0;3.0;3.0;2.0;4.0;;;;;1
Peach Yogurt Smoothie;https://medlineplus.gov/recipes/peach-yogurt-smoothie/;5.0;5.0;3.0;3.0;4.0;4.0;1.0;3.0;3.0;2.0;4.0;;;;;3
Peanut Butter Cereal Bars;https://medlineplus.gov/recipes/peanut-butter-cereal-bars/;3.0;0.0;4.0;3.0;2.0;3.0;4.0;1.0;3.0;2.0;2.0;;;;;1
Peanut Power Smoothie;https://medlineplus.gov/recipes/peanut-power-smoothie/;1.0;4.0;5.0;3.0;1.0;3.0;2.0;1.0;2.0;2.0;1.0;;;;;1
Perfect Hard-Cooked Eggs;https://medlineplus.gov/recipes/perfect-hard-cooked-eggs/;2.0;0.0;3.0;3.0;3.0;4.0;4.0;4.0;2.0;4.0;1.0;;;;;3
Pineapple Veggie Chicken;https://medlineplus.gov/recipes/pineapple-veggie-chicken/;2.0;4.0;3.0;2.0;4.0;3.0;2.0;3.0;3.0;3.0;2.0;;;;;3
Potato Wedges;https://medlineplus.gov/recipes/potato-wedges/;5.0;5.0;5.0;4.0;2.0;5.0;4.0;3.0;2.0;4.0;4.0;;;;;5
Pozole with Chicken;https://medlineplus.gov/recipes/pozole-with-chicken/;2.0;4.0;5.0;4.0;3.0;3.0;2.0;3.0;2.0;;2.0;;;;;3
Pumpkin Breakfast Cookies;https://medlineplus.gov/recipes/pumpkin-breakfast-cookies/;2.0;4.0;4.0;2.0;4.0;3.0;2.0;1.0;1.0;2.0;3.0;;;;;2
Pumpkin Ricotta Stuffed Shells;https://medlineplus.gov/recipes/pumpkin-ricotta-stuffed-shells/;1.0;4.0;4.0;2.0;4.0;2.0;4.0;1.0;2.0;2.0;1.0;;;;;1
Pumpkin Smoothie in a Cup;https://medlineplus.gov/recipes/pumpkin-smoothie-in-a-cup/;0.0;4.0;2.0;2.0;1.0;1.0;1.0;1.0;2.0;2.0;3.0;;;;;2
Pupusas Revueltas;https://medlineplus.gov/recipes/pupusas-revueltas/;1.0;4.0;3.0;3.0;4.0;3.0;4.0;1.0;0.0;;1.0;;;;;2
Quick Beef Casserole;https://medlineplus.gov/recipes/quick-beef-casserole/;3.0;5.0;2.0;3.0;2.0;4.0;3.0;3.0;2.0;3.0;4.0;;;;;4
Quick Black Bean Dip;https://medlineplus.gov/recipes/quick-black-bean-dip/;1.0;5.0;1.0;2.0;1.0;2.0;3.0;1.0;0.0;3.0;2.0;;;;;2
Quick Brown Bread;https://medlineplus.gov/recipes/quick-brown-bread/;3.0;5.0;4.0;3.0;5.0;3.0;2.0;3.0;0.0;3.0;3.0;;;;;3
Quick Lasagna;https://medlineplus.gov/recipes/quick-lasagna/;5.0;5.0;5.0;4.0;5.0;4.0;2.0;3.0;3.0;4.0;4.0;;;;;4
Quick Tomato Pasta Sauce;https://medlineplus.gov/recipes/quick-tomato-pasta-sauce/;5.0;5.0;5.0;4.0;5.0;4.0;3.0;2.0;1.0;4.0;3.0;;;;;3
Quick Tomato Salsa;https://medlineplus.gov/recipes/quick-tomato-salsa/;3.0;5.0;2.0;4.0;5.0;4.0;4.0;2.0;1.0;4.0;2.0;;;;;3
Quinoa Salad;https://medlineplus.gov/recipes/quinoa-salad/;3.0;3.0;2.0;3.0;5.0;2.0;4.0;1.0;1.0;4.0;2.0;;;;;1
Radish and Cucumber Salad;https://medlineplus.gov/recipes/radish-and-cucumber-salad/;0.0;3.0;4.0;4.0;1.0;3.0;4.0;1.0;0.0;2.0;1.0;;;;;1
Ramen Cabbage Salad;https://medlineplus.gov/recipes/ramen-cabbage-salad/;2.0;1.0;2.0;4.0;3.0;3.0;4.0;1.0;1.0;2.0;2.0;;;;;1
Ranch Dip;https://medlineplus.gov/recipes/ranch-dip/;1.0;1.0;4.0;3.0;1.0;3.0;1.0;1.0;1.0;4.0;1.0;;;;;4
Ranch Dressing;https://medlineplus.gov/recipes/ranch-dressing/;1.0;1.0;4.0;3.0;1.0;3.0;1.0;1.0;1.0;4.0;1.0;;;;;4
Raspberry Oatmeal Bars;https://medlineplus.gov/recipes/raspberry-oatmeal-bars/;5.0;5.0;4.0;4.0;4.0;3.0;3.0;1.0;2.0;2.0;3.0;;;;;3
Refried Beans;https://medlineplus.gov/recipes/refried-beans/;1.0;4.0;2.0;2.0;1.0;2.0;3.0;1.0;1.0;2.0;2.0;;;;;0
Refrigerator Pickled Cucumbers;https://medlineplus.gov/recipes/refrigerator-pickled-cucumbers/;2.0;0.0;3.0;3.0;1.0;3.0;3.0;2.0;0.0;4.0;0.0;;;;;0
Rice Bowl Southwestern Style;https://medlineplus.gov/recipes/rice-bowl-southwestern-style/;0.0;4.0;3.0;3.0;3.0;3.0;2.0;3.0;2.0;2.0;2.0;;;;;2
Rice with Black Beans and Sausage;https://medlineplus.gov/recipes/rice-with-black-beans-and-sausage/;0.0;4.0;2.0;2.0;1.0;3.0;2.0;1.0;1.0;2.0;3.0;;;;;2
Rice with Chicken and Vegetables;https://medlineplus.gov/recipes/rice-with-chicken-and-vegetables/;5.0;4.0;4.0;4.0;5.0;3.0;3.0;3.0;4.0;4.0;4.0;;;;;3
Roasted Asparagus;https://medlineplus.gov/recipes/roasted-asparagus/;1.0;4.0;5.0;1.0;5.0;3.0;4.0;3.0;4.0;4.0;2.0;;;;;0
Roasted Cauliflower Steaks;https://medlineplus.gov/recipes/roasted-cauliflower-steaks/;3.0;5.0;4.0;4.0;5.0;3.0;4.0;2.0;2.0;3.0;2.0;;;;;1
Roasted Honey Mustard Brussels Sprouts;https://medlineplus.gov/recipes/roasted-honey-mustard-brussels-sprouts/;1.0;5.0;5.0;3.0;5.0;2.0;4.0;3.0;0.0;3.0;3.0;;;;;1
Roasted Parsnips and Carrots;https://medlineplus.gov/recipes/roasted-parsnips-and-carrots/;5.0;4.0;3.0;2.0;5.0;2.0;4.0;3.0;1.0;3.0;2.0;;;;;1
Salmon Pasta Skillet;https://medlineplus.gov/recipes/salmon-pasta-skillet/;3.0;4.0;4.0;4.0;5.0;3.0;4.0;3.0;4.0;3.0;5.0;;;;;3
Salmon Patties;https://medlineplus.gov/recipes/salmon-patties/;2.0;4.0;2.0;3.0;5.0;3.0;3.0;3.0;3.0;3.0;4.0;;;;;3
Salmon Salad Mix;https://medlineplus.gov/recipes/salmon-salad-mix/;3.0;4.0;2.0;3.0;5.0;2.0;2.0;3.0;2.0;3.0;3.0;;;;;2
Salsa Chicken;https://medlineplus.gov/recipes/salsa-chicken/;2.0;5.0;3.0;4.0;2.0;4.0;3.0;3.0;4.0;4.0;4.0;;;;;4
Sautéed Leeks and Apples;https://medlineplus.gov/recipes/sauteed-leeks-and-apples/;4.0;5.0;3.0;3.0;3.0;4.0;3.0;2.0;2.0;2.0;2.0;;;;;2
Sautéed Mung Beans;https://medlineplus.gov/recipes/sauteed-mung-beans/;0.0;5.0;3.0;2.0;1.0;3.0;2.0;1.0;0.0;2.0;1.0;;;;;2
Sautéed Peppers;https://medlineplus.gov/recipes/sauteed-peppers/;4.0;5.0;2.0;2.0;1.0;3.0;2.0;1.0;1.0;3.0;3.0;;;;;2
Sautéed Zucchini;https://medlineplus.gov/recipes/sauteed-zucchini/;3.0;5.0;4.0;3.0;5.0;2.0;3.0;2.0;0.0;4.0;2.0;;;;;1
Savory Oatmeal;https://medlineplus.gov/recipes/savory-oatmeal/;1.0;2.0;1.0;4.0;5.0;3.0;3.0;1.0;1.0;2.0;2.0;;;;;0
Savory Sweet Potatoes;https://medlineplus.gov/recipes/savory-sweet-potatoes/;4.0;5.0;4.0;4.0;1.0;3.0;4.0;1.0;1.0;2.0;3.0;;;;;2
Sesame Broccoli;https://medlineplus.gov/recipes/sesame-broccoli/;4.0;5.0;1.0;4.0;5.0;3.0;4.0;2.0;1.0;4.0;3.0;;;;;1
Sesame Noodles with Broccoli and Chicken;https://medlineplus.gov/recipes/sesame-noodles-with-broccoli-and-chicken/;4.0;5.0;4.0;4.0;5.0;3.0;4.0;3.0;2.0;4.0;5.0;;;;;2
Skillet Braised Chicken;https://medlineplus.gov/recipes/skillet-braised-chicken/;3.0;5.0;3.0;3.0;5.0;4.0;4.0;3.0;3.0;4.0;4.0;;;;;4
Skillet Granola;https://medlineplus.gov/recipes/skillet-granola/;2.0;5.0;4.0;3.0;5.0;2.0;3.0;1.0;2.0;3.0;3.0;;;;;2
Skillet Mac and Cheese;https://medlineplus.gov/recipes/skillet-mac-and-cheese/;3.0;0.0;3.0;4.0;1.0;4.0;2.0;3.0;0.0;2.0;5.0;;;;;3
Southwestern Stuffed Potatoes;https://medlineplus.gov/recipes/southwestern-stuffed-potatoes/;2.0;4.0;4.0;4.0;1.0;4.0;3.0;2.0;1.0;2.0;3.0;;;;;3
Spaghetti Squash;https://medlineplus.gov/recipes/spaghetti-squash/;2.0;5.0;5.0;4.0;5.0;2.0;4.0;3.0;2.0;2.0;2.0;;;;;2
Spicy Rice Casserole;https://medlineplus.gov/recipes/spicy-rice-casserole/;1.0;3.0;5.0;4.0;5.0;3.0;4.0;2.0;1.0;2.0;2.0;;;;;2
Spinach and Black Bean Enchiladas;https://medlineplus.gov/recipes/spinach-and-black-bean-enchiladas/;0.0;4.0;3.0;3.0;1.0;3.0;3.0;1.0;1.0;4.0;1.0;;;;;1
Spinach and Chicken Italian;https://medlineplus.gov/recipes/spinach-and-chicken-italian/;5.0;4.0;4.0;4.0;3.0;3.0;3.0;3.0;3.0;4.0;4.0;;;;;2
Spring Fling Vegetable Chowder;https://medlineplus.gov/recipes/spring-fling-vegetable-chowder/;2.0;1.0;3.0;2.0;5.0;2.0;4.0;2.0;0.0;3.0;1.0;;;;;1
Spring Green Salad;https://medlineplus.gov/recipes/spring-green-salad/;1.0;3.0;1.0;3.0;3.0;3.0;4.0;2.0;1.0;3.0;2.0;;;;;1
Squash Blossom Quesadilla;https://medlineplus.gov/recipes/squash-blossom-quesadilla/;2.0;3.0;2.0;3.0;4.0;3.0;3.0;1.0;4.0;2.0;2.0;;;;;2
Steamed Chicken Wontons;https://medlineplus.gov/recipes/steamed-chicken-wontons/;3.0;4.0;4.0;3.0;3.0;4.0;4.0;3.0;2.0;4.0;3.0;;;;;3
Stir-Fried Beef and Potatoes;https://medlineplus.gov/recipes/stir-fried-beef-and-potatoes/;5.0;5.0;4.0;4.0;1.0;4.0;2.0;3.0;3.0;3.0;5.0;;;;;4
Stovetop Bulgur;https://medlineplus.gov/recipes/stovetop-bulgur/;0.0;3.0;4.0;3.0;4.0;2.0;3.0;1.0;1.0;2.0;1.0;;;;;2
Stovetop Quinoa;https://medlineplus.gov/recipes/stovetop-quinoa/;4.0;3.0;4.0;3.0;4.0;2.0;3.0;1.0;0.0;3.0;1.0;;;;;1
Stovetop Tuna Casserole;https://medlineplus.gov/recipes/stovetop-tuna-casserole/;3.0;3.0;1.0;4.0;4.0;3.0;2.0;3.0;3.0;3.0;1.0;;;;;3
Strawberry Salsa;https://medlineplus.gov/recipes/strawberry-salsa/;2.0;5.0;2.0;3.0;1.0;3.0;2.0;3.0;1.0;4.0;1.0;;;;;2
Succotash;https://medlineplus.gov/recipes/succotash/;1.0;3.0;2.0;3.0;1.0;2.0;2.0;2.0;0.0;;0.0;;;;;
Summer Breeze Smoothie;https://medlineplus.gov/recipes/summer-breeze-smoothie/;5.0;5.0;5.0;4.0;1.0;5.0;2.0;2.0;4.0;2.0;5.0;;;;;3
Superhero Shepherd's Pie;https://medlineplus.gov/recipes/superhero-shepherds-pie/;2.0;4.0;5.0;4.0;1.0;4.0;2.0;3.0;4.0;2.0;4.0;;;;;3
Sweet Potato and Orange Muffins;https://medlineplus.gov/recipes/sweet-potato-and-orange-muffins/;1.0;5.0;3.0;2.0;1.0;3.0;1.0;2.0;1.0;1.0;2.0;;;;;1
Tasty Hamburger Skillet;https://medlineplus.gov/recipes/tasty-hamburger-skillet/;5.0;5.0;5.0;3.0;1.0;3.0;1.0;3.0;1.0;3.0;4.0;;;;;4
Tofu Banana Pudding;https://medlineplus.gov/recipes/tofu-banana-pudding/;0.0;0.0;3.0;3.0;1.0;2.0;1.0;1.0;0.0;1.0;2.0;;;;;0
Tofu Scramble;https://medlineplus.gov/recipes/tofu-scramble/;0.0;4.0;2.0;3.0;1.0;2.0;1.0;1.0;0.0;2.0;4.0;;;;;0
Tomato Pasta Salad;https://medlineplus.gov/recipes/tomato-pasta-salad/;3.0;4.0;4.0;3.0;3.0;3.0;4.0;3.0;1.0;4.0;5.0;;;;;2
Tortilla Casserole;https://medlineplus.gov/recipes/tortilla-casserole/;3.0;4.0;3.0;2.0;3.0;3.0;3.0;3.0;2.0;3.0;2.0;;;;;4
Tropical Beets;https://medlineplus.gov/recipes/tropical-beets/;1.0;1.0;0.0;1.0;3.0;2.0;2.0;2.0;2.0;2.0;0.0;;;;;1
Tropical Carrot Salad;https://medlineplus.gov/recipes/tropical-carrot-salad/;1.0;3.0;1.0;2.0;4.0;3.0;2.0;2.0;1.0;2.0;1.0;;;;;1
Tuna Veggie Melt;https://medlineplus.gov/recipes/tuna-veggie-melt/;0.0;2.0;1.0;4.0;4.0;2.0;1.0;2.0;1.0;2.0;0.0;;;;;0
Turkey Cranberry Quesadilla;https://medlineplus.gov/recipes/turkey-cranberry-quesadilla/;3.0;5.0;4.0;3.0;3.0;2.0;4.0;2.0;4.0;3.0;1.0;;;;;2
Turkey Ginger Rice Lettuce Wraps;https://medlineplus.gov/recipes/turkey-ginger-rice-lettuce-wraps/;0.0;5.0;1.0;3.0;3.0;3.0;4.0;3.0;2.0;4.0;3.0;;;;;2
Turkey Pumpkin Chili;https://medlineplus.gov/recipes/turkey-pumpkin-chili/;1.0;5.0;1.0;2.0;1.0;3.0;3.0;2.0;3.0;2.0;2.0;;;;;2
Turkey Salad;https://medlineplus.gov/recipes/turkey-salad/;1.0;5.0;1.0;3.0;1.0;3.0;3.0;3.0;3.0;3.0;3.0;;;;;3
Turkey Stroganoff;https://medlineplus.gov/recipes/turkey-stroganoff/;3.0;1.0;3.0;3.0;1.0;3.0;2.0;3.0;2.0;3.0;2.0;;;;;
Un-beet-able Berry Smoothie;https://medlineplus.gov/recipes/un-beet-able-berry-smoothie/;5.0;5.0;1.0;3.0;1.0;2.0;4.0;2.0;3.0;2.0;2.0;;;;;3
Vegetable Beef Soup;https://medlineplus.gov/recipes/vegetable-beef-soup/;1.0;5.0;2.0;3.0;2.0;3.0;3.0;2.0;2.0;2.0;4.0;;;;;3
Vegetables and Turkey Stir-Fry;https://medlineplus.gov/recipes/vegetables-and-turkey-stir-fry/;3.0;4.0;2.0;3.0;1.0;3.0;3.0;2.0;3.0;4.0;3.0;;;;;3
Vegetarian Chili;https://medlineplus.gov/recipes/vegetarian-chili/;3.0;5.0;3.0;4.0;5.0;2.0;4.0;2.0;1.0;4.0;1.0;;;;;1
Vegetarian Cowboy Salad;https://medlineplus.gov/recipes/vegetarian-cowboy-salad/;0.0;4.0;1.0;3.0;1.0;2.0;4.0;2.0;1.0;;1.0;;;;;1
Vegetarian Tofu Enchiladas;https://medlineplus.gov/recipes/vegetarian-tofu-enchiladas/;0.0;4.0;3.0;2.0;1.0;2.0;2.0;1.0;0.0;2.0;1.0;;;;;0
Veggie Omelet in a Mug;https://medlineplus.gov/recipes/veggie-omelet-in-a-mug/;2.0;0.0;2.0;3.0;1.0;3.0;1.0;2.0;3.0;1.0;2.0;;;;;1
Veggie Quesadillas with Cilantro Yogurt Dip;https://medlineplus.gov/recipes/veggie-quesadillas-with-cilantro-yogurt-dip/;0.0;3.0;3.0;4.0;3.0;3.0;4.0;1.0;3.0;4.0;1.0;;;;;1
Veggie Quiche Muffins;https://medlineplus.gov/recipes/veggie-quiche-muffins/;0.0;0.0;1.0;3.0;3.0;3.0;3.0;1.0;1.0;4.0;2.0;;;;;1
Veggie Skillet Eggs;https://medlineplus.gov/recipes/veggie-skillet-eggs/;3.0;0.0;1.0;1.0;3.0;3.0;3.0;1.0;0.0;3.0;3.0;;;;;1
Veggie Stew;https://medlineplus.gov/recipes/veggie-stew/;3.0;3.0;2.0;2.0;5.0;2.0;3.0;1.0;0.0;3.0;3.0;;;;;1
Veggie and Egg Rice;https://medlineplus.gov/recipes/veggie-and-egg-rice/;5.0;0.0;3.0;4.0;5.0;3.0;4.0;1.0;1.0;4.0;4.0;;;;;1
Watermelon Cooler;https://medlineplus.gov/recipes/watermelon-cooler/;4.0;5.0;4.0;3.0;2.0;4.0;3.0;2.0;1.0;2.0;4.0;;;;;3
Watermelon and Fruit Salad;https://medlineplus.gov/recipes/watermelon-and-fruit-salad/;5.0;5.0;5.0;4.0;4.0;4.0;3.0;3.0;2.0;3.0;2.0;;;;;3
West African Peanut Soup;https://medlineplus.gov/recipes/west-african-peanut-soup/;5.0;1.0;4.0;2.0;5.0;2.0;2.0;1.0;3.0;2.0;0.0;;;;;2
White Chicken Chili;https://medlineplus.gov/recipes/white-chicken-chili/;2.0;4.0;2.0;4.0;5.0;3.0;4.0;2.0;4.0;3.0;1.0;;;;;3
Whole-Wheat Blueberry Muffins;https://medlineplus.gov/recipes/whole-wheat-blueberry-muffins/;4.0;5.0;4.0;5.0;5.0;4.0;3.0;2.0;2.0;2.0;4.0;;;;;3
Whole-Wheat Quick Bread;https://medlineplus.gov/recipes/whole-wheat-quick-bread/;5.0;5.0;5.0;3.0;5.0;3.0;1.0;1.0;1.0;2.0;3.0;;;;;3
Whole-Wheat Yogurt Rolls;https://medlineplus.gov/recipes/whole-wheat-yogurt-rolls/;1.0;5.0;5.0;4.0;5.0;3.0;1.0;2.0;3.0;2.0;3.0;;;;;3
Whole-Wheat Zucchini Bread;https://medlineplus.gov/recipes/whole-wheat-zucchini-bread/;0.0;5.0;4.0;3.0;5.0;2.0;2.0;2.0;1.0;3.0;2.0;;;;;1
Wild Rice with Salmon Stew;https://medlineplus.gov/recipes/wild-rice-with-salmon-stew/;1.0;3.0;3.0;1.0;5.0;2.0;4.0;3.0;4.0;4.0;4.0;;;;;3
Yogurt Fruit Dip;https://medlineplus.gov/recipes/yogurt-fruit-dip/;4.0;5.0;4.0;3.0;3.0;3.0;2.0;3.0;4.0;2.0;3.0;;;;;3
Zesty Tomato Soup;https://medlineplus.gov/recipes/zesty-tomato-soup/;5.0;5.0;5.0;5.0;5.0;4.0;4.0;3.0;2.0;3.0;4.0;;;;;3
Zucchini Pizza Boats;https://medlineplus.gov/recipes/zucchini-pizza-boats/;3.0;5.0;5.0;4.0;5.0;3.0;4.0;3.0;1.0;4.0;4.0;;;;;0
